Last,First,Team,rushAtt,rushYards,100 yd,rushTD,Rec,recYards,100 yd,recTD,fumbles,0-9,19-Oct,20-29,30-39,40-49,50+,0-9,19-Oct,20-29,30-39,40-49,50+,0-9,19-Oct,20-29,30-39,40-49,50+,0-9,19-Oct,20-29,30-39,40-49,50+,Points,ADP,Age,Exp,ID,W1,W2,W3,W4,W5,W6,W7,W8,W9,W10,W11,W12,W13,W14,W15,W16,W17
Adams,Joe,Car/6,1,5,0,0,11,131,0,0,0,0.7273,0.0979,0.0629,0.021,0.028,0.0629,0.2069,0.3103,0.2241,0.1379,0.0517,0.069,0,0,0,0,0,0,0,0,0,0,0,0,25,9999,23,1,AdamJo01,1,1,1,1,1,1,1,1,1,1,1,1,1,1,1,1,1
Alexander,Danario,StL/9,0,0,0,0,20,296,0,1,0,0.7273,0.0979,0.0629,0.021,0.028,0.0629,0.1238,0.2,0.14,0.19,0.1402,0.206,0,0,0,0,0,0,0.12,0.2,0.14,0.19,0.14,0.21,56,9999,24,3,AlexDa00,1,1,1,1,1,1,1,1,1,1,1,1,1,1,1,1,1
Amendola,Danny,StL/9,0,0,0,0,49,588,1,3,1,0.7273,0.0979,0.0629,0.021,0.028,0.0629,0.2069,0.3103,0.2241,0.1379,0.0517,0.069,0,0,0,0,0,0,0.62,0.93,0.67,0.41,0.16,0.21,126,180,27,5,AmenDa00,1,1,1,1,1,1,1,1,1,1,1,1,1,1,1,1,1
Armstrong,Anthony,Was/10,1,6,0,0,7,97,0,0,0,0.7273,0.0979,0.0629,0.021,0.028,0.0629,0.2069,0.3103,0.2241,0.1379,0.0517,0.069,0,0,0,0,0,0,0,0,0,0,0,0,17,9999,29,5,ArmsAn00,1,1,1,1,1,1,1,1,1,1,1,1,1,1,1,1,1
Aromashodu,Devin,Min/11,0,0,0,0,9,149,0,1,0,0.7273,0.0979,0.0629,0.021,0.028,0.0629,0.1238,0.2,0.14,0.19,0.1402,0.206,0,0,0,0,0,0,0.12,0.2,0.14,0.19,0.14,0.21,30,9999,28,7,AromDe00,1,1,1,1,1,1,1,1,1,1,1,1,1,1,1,1,1
Austin,Miles,Dal/5,2,8,0,0,76,1125,4,9,0,0.7273,0.0979,0.0629,0.021,0.028,0.0629,0.1238,0.2,0.14,0.19,0.1402,0.206,0,0,0,0,0,0,1.11,1.8,1.26,1.71,1.26,1.85,243,45,28,7,AustMi00,1,1,1,1,1,1,1,1,1,1,1,1,1,1,1,1,1
Avant,Jason,Phi/7,0,0,0,0,33,439,0,2,0,0.7273,0.0979,0.0629,0.021,0.028,0.0629,0.2069,0.3103,0.2241,0.1379,0.0517,0.069,0,0,0,0,0,0,0.41,0.62,0.45,0.28,0.1,0.14,89,9999,29,7,AvanJa00,1,1,1,1,1,1,1,1,1,1,1,1,1,1,1,1,1
Avery,Donnie,Ind/4,0,0,0,0,35,508,0,3,0,0.7273,0.0979,0.0629,0.021,0.028,0.0629,0.2069,0.3103,0.2241,0.1379,0.0517,0.069,0,0,0,0,0,0,0.62,0.93,0.67,0.41,0.16,0.21,104,9999,28,5,AverDo00,1,1,1,1,1,1,1,1,1,1,1,1,1,1,1,1,1
Baldwin,Doug,Sea/11,1,5,0,0,48,720,1,4,1,0.7273,0.0979,0.0629,0.021,0.028,0.0629,0.1238,0.2,0.14,0.19,0.1402,0.206,0,0,0,0,0,0,0.5,0.8,0.56,0.76,0.56,0.82,145,171,24,2,BaldDo00,1,1,1,1,1,1,1,1,1,1,1,1,1,1,1,1,1
Baldwin,Jonathan,KC/7,1,6,0,0,27,327,0,2,0,0.7273,0.0979,0.0629,0.021,0.028,0.0629,0.2069,0.3103,0.2241,0.1379,0.0517,0.069,0,0,0,0,0,0,0.41,0.62,0.45,0.28,0.1,0.14,72,176,23,2,BaldJo00,1,1,1,1,1,1,1,1,1,1,1,1,1,1,1,1,1
Benjamin,Travis,Cle/10,0,0,0,0,15,180,0,1,0,0.7273,0.0979,0.0629,0.021,0.028,0.0629,0.2069,0.3103,0.2241,0.1379,0.0517,0.069,0,0,0,0,0,0,0.21,0.31,0.22,0.14,0.05,0.07,39,9999,23,1,BenjTr00,1,1,1,1,1,1,1,1,1,1,1,1,1,1,1,1,1
Benn,Arrelious,TB/5,3,12,0,0,24,336,0,2,0,0.7273,0.0979,0.0629,0.021,0.028,0.0629,0.2069,0.3103,0.2241,0.1379,0.0517,0.069,0,0,0,0,0,0,0.41,0.62,0.45,0.28,0.1,0.14,71,9999,24,3,BennAr00,1,1,1,1,1,1,1,1,1,1,1,1,1,1,1,1,1
Bennett,Earl,Chi/6,0,0,0,0,38,498,0,3,1,0.7273,0.0979,0.0629,0.021,0.028,0.0629,0.2069,0.3103,0.2241,0.1379,0.0517,0.069,0,0,0,0,0,0,0.62,0.93,0.67,0.41,0.16,0.21,106,243,25,5,BennEa00,1,1,1,1,1,1,1,1,1,1,1,1,1,1,1,1,1
Bess,Davone,Mia/7,2,9,0,0,60,632,1,4,1,0.7273,0.0979,0.0629,0.021,0.028,0.0629,0.2069,0.3103,0.2241,0.1379,0.0517,0.069,0,0,0,0,0,0,0.83,1.24,0.9,0.55,0.21,0.28,148,214,27,5,BessDa00,1,1,1,1,1,1,1,1,1,1,1,1,1,1,1,1,1
Binns,Armon,Cin/8,0,0,0,0,33,396,0,3,1,0.7273,0.0979,0.0629,0.021,0.028,0.0629,0.2069,0.3103,0.2241,0.1379,0.0517,0.069,0,0,0,0,0,0,0.62,0.93,0.67,0.41,0.16,0.21,91,9999,23,2,BinnAr00,1,1,1,1,1,1,1,1,1,1,1,1,1,1,1,1,1
Blackmon,Justin,Jac/6,3,18,0,0,51,678,1,4,1,0.7273,0.0979,0.0629,0.021,0.028,0.0629,0.2069,0.3103,0.2241,0.1379,0.0517,0.069,0,0,0,0,0,0,0.83,1.24,0.9,0.55,0.21,0.28,145,97,22,1,BlacJu00,1,1,1,1,1,1,1,1,1,1,1,1,1,1,1,1,1
Boldin,Anquan,Bal/8,0,0,0,0,57,798,2,4,0,0.7273,0.0979,0.0629,0.021,0.028,0.0629,0.2069,0.3103,0.2241,0.1379,0.0517,0.069,0,0,0,0,0,0,0.83,1.24,0.9,0.55,0.21,0.28,161,93,32,10,BoldAn00,1,1,1,1,1,1,1,1,1,1,1,1,1,1,1,1,1
Bowe,Dwayne,KC/7,1,6,0,0,70,1002,3,6,1,0.7273,0.0979,0.0629,0.021,0.028,0.0629,0.2069,0.3103,0.2241,0.1379,0.0517,0.069,0,0,0,0,0,0,1.24,1.86,1.34,0.83,0.31,0.41,207,49,28,6,BoweDw00,1,1,1,1,1,1,1,1,1,1,1,1,1,1,1,1,1
Branch,Deion,NE/9,0,0,0,0,27,354,0,3,0,0.7273,0.0979,0.0629,0.021,0.028,0.0629,0.2069,0.3103,0.2241,0.1379,0.0517,0.069,0,0,0,0,0,0,0.62,0.93,0.67,0.41,0.16,0.21,80,216,33,11,BranDe00,1,1,1,1,1,1,1,1,1,1,1,1,1,1,1,1,1
Breaston,Steve,KC/7,2,12,0,0,39,502,0,3,0,0.7273,0.0979,0.0629,0.021,0.028,0.0629,0.2069,0.3103,0.2241,0.1379,0.0517,0.069,0,0,0,0,0,0,0.62,0.93,0.67,0.41,0.16,0.21,108,251,29,6,BreaSt00,1,1,1,1,1,1,1,1,1,1,1,1,1,1,1,1,1
Britt,Kenny,Ten/11,0,0,0,0,71,1172,4,7,1,0.7273,0.0979,0.0629,0.021,0.028,0.0629,0.1238,0.2,0.14,0.19,0.1402,0.206,0,0,0,0,0,0,0.87,1.4,0.98,1.33,0.98,1.44,230,55,24,4,BritKe00,0.8,0.9,1,1,1,1,1,1,1,1,1,1,1,1,1,1,1
Brown,Antonio,Pit/4,7,49,0,0,73,1015,3,5,1,0.7273,0.0979,0.0629,0.021,0.028,0.0629,0.2069,0.3103,0.2241,0.1379,0.0517,0.069,0,0,0,0,0,0,1.03,1.55,1.12,0.69,0.26,0.35,209,65,24,3,BrowAn04,1,1,1,1,1,1,1,1,1,1,1,1,1,1,1,1,1
Brown,Vincent,SD/7,1,6,0,0,38,585,0,3,0,0.7273,0.0979,0.0629,0.021,0.028,0.0629,0.1238,0.2,0.14,0.19,0.1402,0.206,0,0,0,0,0,0,0.37,0.6,0.42,0.57,0.42,0.62,115,147,23,2,BrowVi00,1,1,1,1,1,1,1,1,1,1,1,1,1,1,1,1,1
Broyles,Ryan,Det/5,0,0,0,0,13,163,0,1,0,0.7273,0.0979,0.0629,0.021,0.028,0.0629,0.2069,0.3103,0.2241,0.1379,0.0517,0.069,0,0,0,0,0,0,0.21,0.31,0.22,0.14,0.05,0.07,35,253,24,1,BroyRy00,1,1,1,1,1,1,1,1,1,1,1,1,1,1,1,1,1
Bryant,Dez,Dal/5,2,10,0,0,75,1103,3,10,1,0.7273,0.0979,0.0629,0.021,0.028,0.0629,0.1238,0.2,0.14,0.19,0.1402,0.206,0,0,0,0,0,0,1.24,2,1.4,1.9,1.4,2.06,246,41,24,3,BryaDe00,1,1,1,1,1,1,1,1,1,1,1,1,1,1,1,1,1
Burleson,Nate,Det/5,9,72,0,0,43,516,0,4,1,0.7273,0.0979,0.0629,0.021,0.028,0.0629,0.2069,0.3103,0.2241,0.1379,0.0517,0.069,0,0,0,0,0,0,0.83,1.24,0.9,0.55,0.21,0.28,126,155,31,10,BurlNa00,1,1,1,1,1,1,1,1,1,1,1,1,1,1,1,1,1
Caldwell,Andre,Den/7,0,0,0,0,23,276,0,2,0,0.7273,0.0979,0.0629,0.021,0.028,0.0629,0.2069,0.3103,0.2241,0.1379,0.0517,0.069,0,0,0,0,0,0,0.41,0.62,0.45,0.28,0.1,0.14,63,241,27,5,CaldAn00,1,1,1,1,1,1,1,1,1,1,1,1,1,1,1,1,1
Childs,Greg,Min/11,0,0,0,0,19,209,0,1,0,0.7273,0.0979,0.0629,0.021,0.028,0.0629,0.2069,0.3103,0.2241,0.1379,0.0517,0.069,0,0,0,0,0,0,0.21,0.31,0.22,0.14,0.05,0.07,46,9999,22,1,ChilGr00,1,1,1,1,1,1,1,1,1,1,1,1,1,1,1,1,1
Coale,Danny,Dal/5,0,0,0,0,18,216,0,1,0,0.7273,0.0979,0.0629,0.021,0.028,0.0629,0.2069,0.3103,0.2241,0.1379,0.0517,0.069,0,0,0,0,0,0,0.21,0.31,0.22,0.14,0.05,0.07,46,9999,24,1,CoalDa00,1,1,1,1,1,1,1,1,1,1,1,1,1,1,1,1,1
Cobb,Randall,GB/10,3,15,0,0,22,328,0,3,1,0.7273,0.0979,0.0629,0.021,0.028,0.0629,0.1238,0.2,0.14,0.19,0.1402,0.206,0,0,0,0,0,0,0.37,0.6,0.42,0.57,0.42,0.62,74,187,22,2,CobbRa00,1,1,1,1,1,1,1,1,1,1,1,1,1,1,1,1,1
Collie,Austin,Ind/4,0,0,0,0,65,728,1,5,1,0.7273,0.0979,0.0629,0.021,0.028,0.0629,0.2069,0.3103,0.2241,0.1379,0.0517,0.069,0,0,0,0,0,0,1.03,1.55,1.12,0.69,0.26,0.35,168,173,27,4,CollAu00,1,1,1,1,1,1,1,1,1,1,1,1,1,1,1,1,1
Colston,Marques,NO/6,0,0,0,0,79,1043,3,9,1,0.7273,0.0979,0.0629,0.021,0.028,0.0629,0.2069,0.3103,0.2241,0.1379,0.0517,0.069,0,0,0,0,0,0,1.86,2.79,2.02,1.24,0.47,0.62,237,44,29,7,ColsMa00,1,1,1,1,1,1,1,1,1,1,1,1,1,1,1,1,1
Cooper,Riley,Phi/7,0,0,0,0,19,285,0,2,0,0.7273,0.0979,0.0629,0.021,0.028,0.0629,0.1238,0.2,0.14,0.19,0.1402,0.206,0,0,0,0,0,0,0.25,0.4,0.28,0.38,0.28,0.41,60,261,25,3,CoopRi00,1,1,1,1,1,1,1,1,1,1,1,1,1,1,1,1,1
Cosby,Quan,Ind/4,0,0,0,0,11,138,0,0,0,0.7273,0.0979,0.0629,0.021,0.028,0.0629,0.2069,0.3103,0.2241,0.1379,0.0517,0.069,0,0,0,0,0,0,0,0,0,0,0,0,25,9999,30,4,CosbQu00,1,1,1,1,1,1,1,1,1,1,1,1,1,1,1,1,1
Cotchery,Jerricho,Pit/4,0,0,0,0,24,317,0,2,0,0.7273,0.0979,0.0629,0.021,0.028,0.0629,0.2069,0.3103,0.2241,0.1379,0.0517,0.069,0,0,0,0,0,0,0.41,0.62,0.45,0.28,0.1,0.14,68,9999,30,9,CotcJe00,1,1,1,1,1,1,1,1,1,1,1,1,1,1,1,1,1
Crabtree,Michael,SF/9,0,0,0,0,64,772,1,5,1,0.7273,0.0979,0.0629,0.021,0.028,0.0629,0.2069,0.3103,0.2241,0.1379,0.0517,0.069,0,0,0,0,0,0,1.03,1.55,1.12,0.69,0.26,0.35,171,104,25,4,CrabMi00,1,1,1,1,1,1,1,1,1,1,1,1,1,1,1,1,1
Cribbs,Joshua,Cle/10,7,35,0,0,24,298,0,2,1,0.7273,0.0979,0.0629,0.021,0.028,0.0629,0.2069,0.3103,0.2241,0.1379,0.0517,0.069,0,0,0,0,0,0,0.41,0.62,0.45,0.28,0.1,0.14,69,9999,29,8,CribJo01,1,1,1,1,1,1,1,1,1,1,1,1,1,1,1,1,1
Criner,Juron,Oak/5,0,0,0,0,28,378,0,2,0,0.7273,0.0979,0.0629,0.021,0.028,0.0629,0.2069,0.3103,0.2241,0.1379,0.0517,0.069,0,0,0,0,0,0,0.41,0.62,0.45,0.28,0.1,0.14,78,9999,23,1,CrinJu00,0.6,0.7,0.8,0.9,1,1,1,1,1,1,1,1,1,1,1,1,1
Cruz,Victor,NYG/11,2,12,0,0,78,1248,4,9,1,0.7273,0.0979,0.0629,0.021,0.028,0.0629,0.1238,0.2,0.14,0.19,0.1402,0.206,0,0,0,0,0,0,1.11,1.8,1.26,1.71,1.26,1.85,258,36,26,3,CruzVi00,1,1,1,1,1,1,1,1,1,1,1,1,1,1,1,1,1
Decker,Eric,Den/7,1,3,0,0,64,883,2,7,1,0.7273,0.0979,0.0629,0.021,0.028,0.0629,0.2069,0.3103,0.2241,0.1379,0.0517,0.069,0,0,0,0,0,0,1.45,2.17,1.57,0.97,0.36,0.48,195,74,25,3,DeckEr00,1,1,1,1,1,1,1,1,1,1,1,1,1,1,1,1,1
Doucet,Early,Ari/10,0,0,0,0,39,495,0,3,0,0.7273,0.0979,0.0629,0.021,0.028,0.0629,0.2069,0.3103,0.2241,0.1379,0.0517,0.069,0,0,0,0,0,0,0.62,0.93,0.67,0.41,0.16,0.21,106,9999,27,5,DoucEa00,1,1,1,1,1,1,1,1,1,1,1,1,1,1,1,1,1
Douglas,Harry,Atl/7,1,3,0,0,37,459,0,2,0,0.7273,0.0979,0.0629,0.021,0.028,0.0629,0.2069,0.3103,0.2241,0.1379,0.0517,0.069,0,0,0,0,0,0,0.41,0.62,0.45,0.28,0.1,0.14,95,9999,27,5,DougHa00,1,1,1,1,1,1,1,1,1,1,1,1,1,1,1,1,1
Driver,Donald,GB/10,0,0,0,0,15,182,0,2,0,0.7273,0.0979,0.0629,0.021,0.028,0.0629,0.2069,0.3103,0.2241,0.1379,0.0517,0.069,0,0,0,0,0,0,0.41,0.62,0.45,0.28,0.1,0.14,45,9999,37,14,DrivDo00,1,1,1,1,1,1,1,1,1,1,1,1,1,1,1,1,1
Evans,Lee,Jac/6,0,0,0,0,11,152,0,1,0,0.7273,0.0979,0.0629,0.021,0.028,0.0629,0.2069,0.3103,0.2241,0.1379,0.0517,0.069,0,0,0,0,0,0,0.21,0.31,0.22,0.14,0.05,0.07,32,9999,31,9,EvanLe00,1,1,1,1,1,1,1,1,1,1,1,1,1,1,1,1,1
Fitzgerald,Larry,Ari/10,0,0,0,0,85,1207,4,9,0,0.7273,0.0979,0.0629,0.021,0.028,0.0629,0.2069,0.3103,0.2241,0.1379,0.0517,0.069,0,0,0,0,0,0,1.86,2.79,2.02,1.24,0.47,0.62,260,12,29,9,FitzLa00,1,1,1,1,1,1,1,1,1,1,1,1,1,1,1,1,1
Floyd,Malcom,SD/7,0,0,0,0,55,930,2,6,1,0.7273,0.0979,0.0629,0.021,0.028,0.0629,0.1238,0.2,0.14,0.19,0.1402,0.206,0,0,0,0,0,0,0.74,1.2,0.84,1.14,0.84,1.24,184,102,31,9,FloyMa00,1,1,1,1,1,1,1,1,1,1,1,1,1,1,1,1,1
Floyd,Michael,Ari/10,1,4,0,0,52,686,1,4,1,0.7273,0.0979,0.0629,0.021,0.028,0.0629,0.2069,0.3103,0.2241,0.1379,0.0517,0.069,0,0,0,0,0,0,0.83,1.24,0.9,0.55,0.21,0.28,145,119,23,1,FloyMi00,0.6,0.7,0.8,0.9,1,1,1,1,1,1,1,1,1,1,1,1,1
Ford,Jacoby,Oak/5,6,42,0,0,37,500,0,3,0,0.7273,0.0979,0.0629,0.021,0.028,0.0629,0.2069,0.3103,0.2241,0.1379,0.0517,0.069,0,0,0,0,0,0,0.62,0.93,0.67,0.41,0.16,0.21,109,177,25,3,FordJa01,1,1,1,1,1,1,1,1,1,1,1,1,1,1,1,1,1
Gaffney,Jabar,NE/9,0,0,0,0,13,176,0,2,0,0.7273,0.0979,0.0629,0.021,0.028,0.0629,0.2069,0.3103,0.2241,0.1379,0.0517,0.069,0,0,0,0,0,0,0.41,0.62,0.45,0.28,0.1,0.14,43,225,32,11,GaffJa00,1,1,1,1,1,1,1,1,1,1,1,1,1,1,1,1,1
Garcon,Pierre,Was/10,4,28,0,0,59,802,1,6,1,0.7273,0.0979,0.0629,0.021,0.028,0.0629,0.2069,0.3103,0.2241,0.1379,0.0517,0.069,0,0,0,0,0,0,1.24,1.86,1.34,0.83,0.31,0.41,178,82,27,5,GarcPi00,1,1,1,1,1,1,1,1,1,1,1,1,1,1,1,1,1
Gates,Clyde,Mia/7,1,5,0,0,33,396,0,3,0,0.7273,0.0979,0.0629,0.021,0.028,0.0629,0.2069,0.3103,0.2241,0.1379,0.0517,0.069,0,0,0,0,0,0,0.62,0.93,0.67,0.41,0.16,0.21,91,9999,26,2,GateEd00,1,1,1,1,1,1,1,1,1,1,1,1,1,1,1,1,1
Gettis,David,Car/6,1,6,0,0,34,473,0,2,0,0.7273,0.0979,0.0629,0.021,0.028,0.0629,0.2069,0.3103,0.2241,0.1379,0.0517,0.069,0,0,0,0,0,0,0.41,0.62,0.45,0.28,0.1,0.14,94,9999,25,3,GettDa00,1,1,1,1,1,1,1,1,1,1,1,1,1,1,1,1,1
Givens,Chris,StL/9,0,0,0,0,9,108,0,0,0,0.7273,0.0979,0.0629,0.021,0.028,0.0629,0.2069,0.3103,0.2241,0.1379,0.0517,0.069,0,0,0,0,0,0,0,0,0,0,0,0,20,268,23,1,GiveCh00,1,1,1,1,1,1,1,1,1,1,1,1,1,1,1,1,1
Graham,TJ,Buf/8,1,3,0,0,11,133,0,0,0,0.7273,0.0979,0.0629,0.021,0.028,0.0629,0.2069,0.3103,0.2241,0.1379,0.0517,0.069,0,0,0,0,0,0,0,0,0,0,0,0,25,9999,23,1,GrahTJ00,1,1,1,1,1,1,1,1,1,1,1,1,1,1,1,1,1
Green,A.J.,Cin/8,5,35,0,0,73,1095,3,8,1,0.7273,0.0979,0.0629,0.021,0.028,0.0629,0.1238,0.2,0.14,0.19,0.1402,0.206,0,0,0,0,0,0,0.99,1.6,1.12,1.52,1.12,1.65,234,29,24,2,GreeA.00,1,1,1,1,1,1,1,1,1,1,1,1,1,1,1,1,1
Hankerson,Leonard,Was/10,0,0,0,0,31,397,0,2,0,0.7273,0.0979,0.0629,0.021,0.028,0.0629,0.2069,0.3103,0.2241,0.1379,0.0517,0.069,0,0,0,0,0,0,0.41,0.62,0.45,0.28,0.1,0.14,83,179,24,2,HankLe00,1,1,1,1,1,1,1,1,1,1,1,1,1,1,1,1,1
Hartline,Brian,Mia/7,1,5,0,0,45,675,1,4,1,0.7273,0.0979,0.0629,0.021,0.028,0.0629,0.1238,0.2,0.14,0.19,0.1402,0.206,0,0,0,0,0,0,0.5,0.8,0.56,0.76,0.56,0.82,137,256,26,4,HartBr00,1,1,1,1,1,1,1,1,1,1,1,1,1,1,1,1,1
Harvin,Percy,Min/11,36,234,0,2,78,936,2,6,1,0.7273,0.0979,0.0629,0.021,0.028,0.0629,0.2069,0.3103,0.2241,0.1379,0.0517,0.069,1.45,0.2,0.13,0.04,0.06,0.13,1.24,1.86,1.34,0.83,0.31,0.41,243,42,24,4,HarvPe00,1,1,1,1,1,1,1,1,1,1,1,1,1,1,1,1,1
Henderson,Devery,NO/6,2,12,0,0,35,508,0,4,0,0.7273,0.0979,0.0629,0.021,0.028,0.0629,0.2069,0.3103,0.2241,0.1379,0.0517,0.069,0,0,0,0,0,0,0.83,1.24,0.9,0.55,0.21,0.28,111,255,30,9,HendDe00,1,1,1,1,1,1,1,1,1,1,1,1,1,1,1,1,1
Hester,Devin,Chi/6,4,16,0,0,30,396,0,2,0,0.7273,0.0979,0.0629,0.021,0.028,0.0629,0.2069,0.3103,0.2241,0.1379,0.0517,0.069,0,0,0,0,0,0,0.41,0.62,0.45,0.28,0.1,0.14,83,9999,30,7,HestDe00,1,1,1,1,1,1,1,1,1,1,1,1,1,1,1,1,1
Heyward-Bey,Darrius,Oak/5,3,15,0,0,61,915,2,5,1,0.7273,0.0979,0.0629,0.021,0.028,0.0629,0.1238,0.2,0.14,0.19,0.1402,0.206,0,0,0,0,0,0,0.62,1,0.7,0.95,0.7,1.03,184,107,25,4,HeywDa00,1,1,1,1,1,1,1,1,1,1,1,1,1,1,1,1,1
Hill,Jason,Den/7,1,4,0,0,13,176,0,1,0,0.7273,0.0979,0.0629,0.021,0.028,0.0629,0.2069,0.3103,0.2241,0.1379,0.0517,0.069,0,0,0,0,0,0,0.21,0.31,0.22,0.14,0.05,0.07,37,9999,27,6,HillJa00,1,1,1,1,1,1,1,1,1,1,1,1,1,1,1,1,1
Hill,Stephen,NYJ/9,1,4,0,0,40,512,0,4,0,0.7273,0.0979,0.0629,0.021,0.028,0.0629,0.2069,0.3103,0.2241,0.1379,0.0517,0.069,0,0,0,0,0,0,0.83,1.24,0.9,0.55,0.21,0.28,116,182,21,1,HillSt01,0.6,0.7,0.8,0.9,1,1,1,1,1,1,1,1,1,1,1,1,1
Holmes,Santonio,NYJ/9,3,21,0,0,57,770,1,6,1,0.7273,0.0979,0.0629,0.021,0.028,0.0629,0.2069,0.3103,0.2241,0.1379,0.0517,0.069,0,0,0,0,0,0,1.24,1.86,1.34,0.83,0.31,0.41,172,91,28,7,HolmSa00,1,1,1,1,1,1,1,1,1,1,1,1,1,1,1,1,1
Jackson,DeSean,Phi/7,7,49,0,1,63,1021,3,6,2,0.7273,0.0979,0.0629,0.021,0.028,0.0629,0.1238,0.2,0.14,0.19,0.1402,0.206,0.73,0.1,0.06,0.02,0.03,0.06,0.74,1.2,0.84,1.14,0.84,1.24,212,61,26,5,JackDe00,1,1,1,1,1,1,1,1,1,1,1,1,1,1,1,1,1
Jackson,Vincent,TB/5,3,21,0,0,65,1073,3,8,1,0.7273,0.0979,0.0629,0.021,0.028,0.0629,0.1238,0.2,0.14,0.19,0.1402,0.206,0,0,0,0,0,0,0.99,1.6,1.12,1.52,1.12,1.65,222,46,29,8,JackVi00,1,1,1,1,1,1,1,1,1,1,1,1,1,1,1,1,1
Jean,Lestar,Hou/8,0,0,0,0,31,415,0,3,0,0.7273,0.0979,0.0629,0.021,0.028,0.0629,0.2069,0.3103,0.2241,0.1379,0.0517,0.069,0,0,0,0,0,0,0.62,0.93,0.67,0.41,0.16,0.21,90,9999,24,2,JeanLe00,1,1,1,1,1,1,1,1,1,1,1,1,1,1,1,1,1
Jeffery,Alshon,Chi/6,1,5,0,0,35,452,0,3,0,0.7273,0.0979,0.0629,0.021,0.028,0.0629,0.2069,0.3103,0.2241,0.1379,0.0517,0.069,0,0,0,0,0,0,0.62,0.93,0.67,0.41,0.16,0.21,99,170,22,1,JeffAl00,0.6,0.7,0.8,0.9,1,1,1,1,1,1,1,1,1,1,1,1,1
Jenkins,AJ,SF/9,1,6,0,0,15,180,0,0,0,0.7273,0.0979,0.0629,0.021,0.028,0.0629,0.2069,0.3103,0.2241,0.1379,0.0517,0.069,0,0,0,0,0,0,0,0,0,0,0,0,34,262,23,1,JenkAJ00,1,1,1,1,1,1,1,1,1,1,1,1,1,1,1,1,1
Jenkins,Michael,Min/11,0,0,0,0,31,372,0,2,0,0.7273,0.0979,0.0629,0.021,0.028,0.0629,0.2069,0.3103,0.2241,0.1379,0.0517,0.069,0,0,0,0,0,0,0.41,0.62,0.45,0.28,0.1,0.14,80,259,30,9,JenkMi00,1,1,1,1,1,1,1,1,1,1,1,1,1,1,1,1,1
Jennings,Greg,GB/10,0,0,0,0,78,1186,5,11,1,0.7273,0.0979,0.0629,0.021,0.028,0.0629,0.1238,0.2,0.14,0.19,0.1402,0.206,0,0,0,0,0,0,1.36,2.2,1.54,2.09,1.54,2.27,263,23,29,7,JennGr00,1,1,1,1,1,1,1,1,1,1,1,1,1,1,1,1,1
Jernigan,Jerrel,NYG/11,0,0,0,0,18,225,0,2,0,0.7273,0.0979,0.0629,0.021,0.028,0.0629,0.2069,0.3103,0.2241,0.1379,0.0517,0.069,0,0,0,0,0,0,0.41,0.62,0.45,0.28,0.1,0.14,52,9999,23,2,JernJe00,1,1,1,1,1,1,1,1,1,1,1,1,1,1,1,1,1
Johnson,Andre,Hou/8,1,8,0,0,90,1342,5,8,1,0.7273,0.0979,0.0629,0.021,0.028,0.0629,0.1238,0.2,0.14,0.19,0.1402,0.206,0,0,0,0,0,0,0.99,1.6,1.12,1.52,1.12,1.65,273,16,31,10,JohnAn02,1,1,1,1,1,1,1,1,1,1,1,1,1,1,1,1,1
Johnson,Calvin,Det/5,2,12,0,0,90,1485,7,13,2,0.7273,0.0979,0.0629,0.021,0.028,0.0629,0.1238,0.2,0.14,0.19,0.1402,0.206,0,0,0,0,0,0,1.61,2.6,1.82,2.47,1.82,2.68,318,5,27,6,JohnCa00,1,1,1,1,1,1,1,1,1,1,1,1,1,1,1,1,1
Johnson,Steve,Buf/8,0,0,0,0,79,1027,3,7,0,0.7273,0.0979,0.0629,0.021,0.028,0.0629,0.2069,0.3103,0.2241,0.1379,0.0517,0.069,0,0,0,0,0,0,1.45,2.17,1.57,0.97,0.36,0.48,224,58,26,5,JohnSt00,1,1,1,1,1,1,1,1,1,1,1,1,1,1,1,1,1
Jones,Donald,Buf/8,1,3,0,0,39,468,0.2,3,0,0.7273,0.0979,0.0629,0.021,0.028,0.0629,0.2069,0.3103,0.2241,0.1379,0.0517,0.069,0,0,0,0,0,0,0.62,0.93,0.67,0.41,0.16,0.21,104,9999,23,1,JoneDo01,1,1,1,1,1,1,1,1,1,1,1,1,1,1,1,1,1
Jones,Jacoby,Bal/8,3,15,0,0,15,188,0,1,0,0.7273,0.0979,0.0629,0.021,0.028,0.0629,0.2069,0.3103,0.2241,0.1379,0.0517,0.069,0,0,0,0,0,0,0.21,0.31,0.22,0.14,0.05,0.07,41,9999,28,6,JoneJa03,1,1,1,1,1,1,1,1,1,1,1,1,1,1,1,1,1
Jones,James,GB/10,0,0,0,0,32,432,0,5,0,0.7273,0.0979,0.0629,0.021,0.028,0.0629,0.2069,0.3103,0.2241,0.1379,0.0517,0.069,0,0,0,0,0,0,1.03,1.55,1.12,0.69,0.26,0.35,105,183,28,6,JoneJa04,1,1,1,1,1,1,1,1,1,1,1,1,1,1,1,1,1
Jones,Julio,Atl/7,7,56,0,0,72,1123,3,9,1,0.7273,0.0979,0.0629,0.021,0.028,0.0629,0.1238,0.2,0.14,0.19,0.1402,0.206,0,0,0,0,0,0,1.11,1.8,1.26,1.71,1.26,1.85,244,38,23,2,JoneJu02,1,1,1,1,1,1,1,1,1,1,1,1,1,1,1,1,1
Jones,Marvin,Cin/8,0,0,0,0,29,348,0,2,1,0.7273,0.0979,0.0629,0.021,0.028,0.0629,0.2069,0.3103,0.2241,0.1379,0.0517,0.069,0,0,0,0,0,0,0.41,0.62,0.45,0.28,0.1,0.14,76,258,22,1,JoneMa02,1,1,1,1,1,1,1,1,1,1,1,1,1,1,1,1,1
Kerley,Jeremy,NYJ/9,3,18,0,0,20,240,0,1,0,0.7273,0.0979,0.0629,0.021,0.028,0.0629,0.2069,0.3103,0.2241,0.1379,0.0517,0.069,0,0,0,0,0,0,0.21,0.31,0.22,0.14,0.05,0.07,52,9999,24,2,KerlJe00,1,1,1,1,1,1,1,1,1,1,1,1,1,1,1,1,1
LaFell,Brandon,Car/6,1,6,0,0,46,676,1,4,1,0.7273,0.0979,0.0629,0.021,0.028,0.0629,0.1238,0.2,0.14,0.19,0.1402,0.206,0,0,0,0,0,0,0.5,0.8,0.56,0.76,0.56,0.82,138,169,26,3,LaFeBr00,1,1,1,1,1,1,1,1,1,1,1,1,1,1,1,1,1
Little,Greg,Cle/10,3,14,0,0,60,738,1,4,1,0.7273,0.0979,0.0629,0.021,0.028,0.0629,0.2069,0.3103,0.2241,0.1379,0.0517,0.069,0,0,0,0,0,0,0.83,1.24,0.9,0.55,0.21,0.28,159,121,23,2,LittGr00,1,1,1,1,1,1,1,1,1,1,1,1,1,1,1,1,1
Lloyd,Brandon,NE/9,0,0,0,0,58,789,1,7,1,0.7273,0.0979,0.0629,0.021,0.028,0.0629,0.2069,0.3103,0.2241,0.1379,0.0517,0.069,0,0,0,0,0,0,1.45,2.17,1.57,0.97,0.36,0.48,179,66,31,10,LloyBr00,1,1,1,1,1,1,1,1,1,1,1,1,1,1,1,1,1
Maclin,Jeremy,Phi/7,4,24,0,0,72,1015,3,6,1,0.7273,0.0979,0.0629,0.021,0.028,0.0629,0.2069,0.3103,0.2241,0.1379,0.0517,0.069,0,0,0,0,0,0,1.24,1.86,1.34,0.83,0.31,0.41,212,57,24,4,MaclJe00,1,1,1,1,1,1,1,1,1,1,1,1,1,1,1,1,1
Manningham,Mario,SF/9,2,12,0,0,40,536,0,4,0,0.7273,0.0979,0.0629,0.021,0.028,0.0629,0.2069,0.3103,0.2241,0.1379,0.0517,0.069,0,0,0,0,0,0,0.83,1.24,0.9,0.55,0.21,0.28,119,126,26,5,MannMa01,1,1,1,1,1,1,1,1,1,1,1,1,1,1,1,1,1
Marshall,Brandon,Chi/6,3,15,0,0,76,988,3,6,1,0.7273,0.0979,0.0629,0.021,0.028,0.0629,0.2069,0.3103,0.2241,0.1379,0.0517,0.069,0,0,0,0,0,0,1.24,1.86,1.34,0.83,0.31,0.41,212,33,28,7,MarsBr00,1,1,1,1,1,1,1,1,1,1,1,1,1,1,1,1,1
Massaquoi,Mohamed,Cle/10,0,0,0,0,32,400,0,2,1,0.7273,0.0979,0.0629,0.021,0.028,0.0629,0.2069,0.3103,0.2241,0.1379,0.0517,0.069,0,0,0,0,0,0,0.41,0.62,0.45,0.28,0.1,0.14,84,9999,26,4,MassMo00,1,1,1,1,1,1,1,1,1,1,1,1,1,1,1,1,1
Meachem,Robert,SD/7,4,20,0,0,60,930,2,6,1,0.7273,0.0979,0.0629,0.021,0.028,0.0629,0.1238,0.2,0.14,0.19,0.1402,0.206,0,0,0,0,0,0,0.74,1.2,0.84,1.14,0.84,1.24,191,83,28,6,MeacRo00,1,1,1,1,1,1,1,1,1,1,1,1,1,1,1,1,1
Moore,Denarius,Oak/5,8,64,0,1,63,1008,3,6,1,0.7273,0.0979,0.0629,0.021,0.028,0.0629,0.1238,0.2,0.14,0.19,0.1402,0.206,0.73,0.1,0.06,0.02,0.03,0.06,0.74,1.2,0.84,1.14,0.84,1.24,212,88,24,2,MoorDe02,1,1,1,1,1,1,1,1,1,1,1,1,1,1,1,1,1
Moore,Lance,NO/6,0,0,0,0,57,667,1,7,1,0.7273,0.0979,0.0629,0.021,0.028,0.0629,0.2069,0.3103,0.2241,0.1379,0.0517,0.069,0,0,0,0,0,0,1.45,2.17,1.57,0.97,0.36,0.48,166,101,29,8,MoorLa00,1,1,1,1,1,1,1,1,1,1,1,1,1,1,1,1,1
Morgan,Josh,Was/10,0,0,0,0,25,345,0,2,0,0.7273,0.0979,0.0629,0.021,0.028,0.0629,0.2069,0.3103,0.2241,0.1379,0.0517,0.069,0,0,0,0,0,0,0.41,0.62,0.45,0.28,0.1,0.14,71,9999,27,5,MorgJo00,1,1,1,1,1,1,1,1,1,1,1,1,1,1,1,1,1
Moss,Randy,SF/9,0,0,0,0,27,405,0,3,1,0.7273,0.0979,0.0629,0.021,0.028,0.0629,0.1238,0.2,0.14,0.19,0.1402,0.206,0,0,0,0,0,0,0.37,0.6,0.42,0.57,0.42,0.62,86,128,35,15,MossRa00,1,1,1,1,1,1,1,1,1,1,1,1,1,1,1,1,1
Moss,Santana,Was/10,0,0,0,0,40,496,0,3,1,0.7273,0.0979,0.0629,0.021,0.028,0.0629,0.2069,0.3103,0.2241,0.1379,0.0517,0.069,0,0,0,0,0,0,0.62,0.93,0.67,0.41,0.16,0.21,108,146,33,12,MossSa00,1,1,1,1,1,1,1,1,1,1,1,1,1,1,1,1,1
Murphy,Louis,Oak/5,4,24,0,0,14,183,0,0,0,0.7273,0.0979,0.0629,0.021,0.028,0.0629,0.2069,0.3103,0.2241,0.1379,0.0517,0.069,0,0,0,0,0,0,0,0,0,0,0,0,35,9999,25,4,MurpLo00,1,1,1,1,1,1,1,1,1,1,1,1,1,1,1,1,1
Naanee,Legedu,Mia/7,0,0,0,0,23,260,0,2,0,0.7273,0.0979,0.0629,0.021,0.028,0.0629,0.2069,0.3103,0.2241,0.1379,0.0517,0.069,0,0,0,0,0,0,0.41,0.62,0.45,0.28,0.1,0.14,61,9999,29,6,NaanLe00,1,1,1,1,1,1,1,1,1,1,1,1,1,1,1,1,1
Nelson,David,Buf/8,0,0,0,0,54,637,1,5,0,0.7273,0.0979,0.0629,0.021,0.028,0.0629,0.2069,0.3103,0.2241,0.1379,0.0517,0.069,0,0,0,0,0,0,1.03,1.55,1.12,0.69,0.26,0.35,148,220,26,3,NelsDa01,1,1,1,1,1,1,1,1,1,1,1,1,1,1,1,1,1
Nelson,Jordy,GB/10,0,0,0,0,70,1106,3,10,1,0.7273,0.0979,0.0629,0.021,0.028,0.0629,0.1238,0.2,0.14,0.19,0.1402,0.206,0,0,0,0,0,0,1.24,2,1.4,1.9,1.4,2.06,241,32,27,5,NelsJo00,1,1,1,1,1,1,1,1,1,1,1,1,1,1,1,1,1
Nicks,Hakeem,NYG/11,1,5,0,0,81,1256,5,8,1,0.7273,0.0979,0.0629,0.021,0.028,0.0629,0.1238,0.2,0.14,0.19,0.1402,0.206,0,0,0,0,0,0,0.99,1.6,1.12,1.52,1.12,1.65,255,28,24,4,NickHa00,1,1,1,1,1,1,1,1,1,1,1,1,1,1,1,1,1
Obomanu,Ben,Sea/11,1,6,0,0,17,199,0,0,0,0.7273,0.0979,0.0629,0.021,0.028,0.0629,0.2069,0.3103,0.2241,0.1379,0.0517,0.069,0,0,0,0,0,0,0,0,0,0,0,0,38,9999,29,7,ObomBe00,1,1,1,1,1,1,1,1,1,1,1,1,1,1,1,1,1
Ochocinco,Chad,FA,0,0,0,0,33,429,0,3,0,0.7273,0.0979,0.0629,0.021,0.028,0.0629,0.2069,0.3103,0.2241,0.1379,0.0517,0.069,0,0,0,0,0,0,0.62,0.93,0.67,0.41,0.16,0.21,94,9999,34,12,JohnCh01,1,1,1,1,1,1,1,1,1,1,1,1,1,1,1,1,1
Ogletree,Kevin,Dal/5,1,4,0,0,16,182,0,1,1,0.7273,0.0979,0.0629,0.021,0.028,0.0629,0.2069,0.3103,0.2241,0.1379,0.0517,0.069,0,0,0,0,0,0,0.21,0.31,0.22,0.14,0.05,0.07,41,9999,25,4,OgleKe00,1,1,1,1,1,1,1,1,1,1,1,1,1,1,1,1,1
Parker,Preston,TB/5,1,5,0,0,28,353,0,2,0,0.7273,0.0979,0.0629,0.021,0.028,0.0629,0.2069,0.3103,0.2241,0.1379,0.0517,0.069,0,0,0,0,0,0,0.41,0.62,0.45,0.28,0.1,0.14,76,9999,25,3,ParkPr00,1,1,1,1,1,1,1,1,1,1,1,1,1,1,1,1,1
Posey,Devier,Hou/8,0,0,0,0,10,122,0,0,0,0.7273,0.0979,0.0629,0.021,0.028,0.0629,0.2069,0.3103,0.2241,0.1379,0.0517,0.069,0,0,0,0,0,0,0,0,0,0,0,0,22,9999,23,1,PoseDe00,1,1,1,1,1,1,1,1,1,1,1,1,1,1,1,1,1
Quick,Brian,StL/9,1,5,0,0,51,648,1,3,1,0.7273,0.0979,0.0629,0.021,0.028,0.0629,0.2069,0.3103,0.2241,0.1379,0.0517,0.069,0,0,0,0,0,0,0.62,0.93,0.67,0.41,0.16,0.21,134,152,23,1,QuicBr00,1,1,1,1,1,1,1,1,1,1,1,1,1,1,1,1,1
Randle,Reuben,NYG/11,0,0,0,0,33,439,0,3,0,0.7273,0.0979,0.0629,0.021,0.028,0.0629,0.2069,0.3103,0.2241,0.1379,0.0517,0.069,0,0,0,0,0,0,0.62,0.93,0.67,0.41,0.16,0.21,95,162,21,1,RandRu00,1,1,1,1,1,1,1,1,1,1,1,1,1,1,1,1,1
Rice,Sidney,Sea/11,3,18,0,0,58,899,2,5,1,0.7273,0.0979,0.0629,0.021,0.028,0.0629,0.1238,0.2,0.14,0.19,0.1402,0.206,0,0,0,0,0,0,0.62,1,0.7,0.95,0.7,1.03,180,94,26,6,RiceSi01,1,1,1,1,1,1,1,1,1,1,1,1,1,1,1,1,1
Roberts,Andre,Ari/10,2,10,0,0,28,322,0,1,0,0.7273,0.0979,0.0629,0.021,0.028,0.0629,0.2069,0.3103,0.2241,0.1379,0.0517,0.069,0,0,0,0,0,0,0.21,0.31,0.22,0.14,0.05,0.07,67,245,24,3,RobeAn00,1,1,1,1,1,1,1,1,1,1,1,1,1,1,1,1,1
Robinson,Laurent,Jac/6,0,0,0,0,38,524,0,3,0,0.7273,0.0979,0.0629,0.021,0.028,0.0629,0.2069,0.3103,0.2241,0.1379,0.0517,0.069,0,0,0,0,0,0,0.62,0.93,0.67,0.41,0.16,0.21,108,118,27,6,RobiLa01,1,1,1,1,1,1,1,1,1,1,1,1,1,1,1,1,1
Royal,Eddie,SD/7,3,18,0,0,19,209,0,1,0,0.7273,0.0979,0.0629,0.021,0.028,0.0629,0.2069,0.3103,0.2241,0.1379,0.0517,0.069,0,0,0,0,0,0,0.21,0.31,0.22,0.14,0.05,0.07,48,227,26,5,RoyaEd00,1,1,1,1,1,1,1,1,1,1,1,1,1,1,1,1,1
Sanders,Emmanuel,Pit/4,2,10,0,0,36,486,0,3,1,0.7273,0.0979,0.0629,0.021,0.028,0.0629,0.2069,0.3103,0.2241,0.1379,0.0517,0.069,0,0,0,0,0,0,0.62,0.93,0.67,0.41,0.16,0.21,104,181,25,3,SandEm00,1,1,1,1,1,1,1,1,1,1,1,1,1,1,1,1,1
Sanu,Mohamed,Cin/8,0,0,0,0,28,336,0,2,0,0.7273,0.0979,0.0629,0.021,0.028,0.0629,0.2069,0.3103,0.2241,0.1379,0.0517,0.069,0,0,0,0,0,0,0.41,0.62,0.45,0.28,0.1,0.14,74,234,23,1,SanuMo00,0.6,0.7,0.8,0.9,1,1,1,1,1,1,1,1,1,1,1,1,1
Schilens,Chaz,NYJ/9,0,0,0,0,30,366,0,2,0,0.7273,0.0979,0.0629,0.021,0.028,0.0629,0.2069,0.3103,0.2241,0.1379,0.0517,0.069,0,0,0,0,0,0,0.41,0.62,0.45,0.28,0.1,0.14,79,9999,27,5,SchiCh00,1,1,1,1,1,1,1,1,1,1,1,1,1,1,1,1,1
Shipley,Jordan,Cin/8,0,0,0,0,15,173,0,1,0,0.7273,0.0979,0.0629,0.021,0.028,0.0629,0.2069,0.3103,0.2241,0.1379,0.0517,0.069,0,0,0,0,0,0,0.21,0.31,0.22,0.14,0.05,0.07,38,9999,27,3,ShipJo00,1,1,1,1,1,1,1,1,1,1,1,1,1,1,1,1,1
Simpson,Jerome,Min/11,3,15,0,0,46,607,1,4,0,0.7273,0.0979,0.0629,0.021,0.028,0.0629,0.2069,0.3103,0.2241,0.1379,0.0517,0.069,0,0,0,0,0,0,0.83,1.24,0.9,0.55,0.21,0.28,132,198,26,5,SimpJe00,0,0,0,1,1,1,1,1,1,1,1,1,1,1,1,1,1
Smith,Brad,Buf/8,18,126,0,1,10,120,0,0,0,0.7273,0.0979,0.0629,0.021,0.028,0.0629,0.2069,0.3103,0.2241,0.1379,0.0517,0.069,0.73,0.1,0.06,0.02,0.03,0.06,0,0,0,0,0,0,41,9999,29,7,SmitBr01,1,1,1,1,1,1,1,1,1,1,1,1,1,1,1,1,1
Smith,Steve,Car/6,5,30,0,0,75,1140,4,7,2,0.7273,0.0979,0.0629,0.021,0.028,0.0629,0.1238,0.2,0.14,0.19,0.1402,0.206,0,0,0,0,0,0,0.87,1.4,0.98,1.33,0.98,1.44,234,43,33,12,SmitSt01,1,1,1,1,1,1,1,1,1,1,1,1,1,1,1,1,1
Smith,Steve,StL/9,0,0,0,0,42,504,0,3,1,0.7273,0.0979,0.0629,0.021,0.028,0.0629,0.2069,0.3103,0.2241,0.1379,0.0517,0.069,0,0,0,0,0,0,0.62,0.93,0.67,0.41,0.16,0.21,110,212,27,6,SmitSt02,1,1,1,1,1,1,1,1,1,1,1,1,1,1,1,1,1
Smith,Torrey,Bal/8,4,24,0,0,62,992,2,8,0,0.7273,0.0979,0.0629,0.021,0.028,0.0629,0.1238,0.2,0.14,0.19,0.1402,0.206,0,0,0,0,0,0,0.99,1.6,1.12,1.52,1.12,1.65,212,78,23,2,SmitTo02,1,1,1,1,1,1,1,1,1,1,1,1,1,1,1,1,1
Tate,Golden,Sea/11,3,12,0,0,30,345,0,2,0,0.7273,0.0979,0.0629,0.021,0.028,0.0629,0.2069,0.3103,0.2241,0.1379,0.0517,0.069,0,0,0,0,0,0,0.41,0.62,0.45,0.28,0.1,0.14,78,247,24,3,TateGo00,1,1,1,1,1,1,1,1,1,1,1,1,1,1,1,1,1
Thomas,Demaryius,Den/7,2,9,0,0,74,1154,4,9,1,0.7273,0.0979,0.0629,0.021,0.028,0.0629,0.1238,0.2,0.14,0.19,0.1402,0.206,0,0,0,0,0,0,1.11,1.8,1.26,1.71,1.26,1.85,244,50,25,3,ThomDe01,1,1,1,1,1,1,1,1,1,1,1,1,1,1,1,1,1
Thomas,Mike,Jac/6,3,15,0,0,30,327,0,2,0,0.7273,0.0979,0.0629,0.021,0.028,0.0629,0.2069,0.3103,0.2241,0.1379,0.0517,0.069,0,0,0,0,0,0,0.41,0.62,0.45,0.28,0.1,0.14,76,9999,25,4,ThomMi01,1,1,1,1,1,1,1,1,1,1,1,1,1,1,1,1,1
Toon,Nick,NO/6,0,0,0,0,15,194,0,1,0,0.7273,0.0979,0.0629,0.021,0.028,0.0629,0.2069,0.3103,0.2241,0.1379,0.0517,0.069,0,0,0,0,0,0,0.21,0.31,0.22,0.14,0.05,0.07,40,9999,24,1,ToonNi00,1,1,1,1,1,1,1,1,1,1,1,1,1,1,1,1,1
Wallace,Mike,Pit/4,5,40,0,0,76,1254,5,8,1,0.7273,0.0979,0.0629,0.021,0.028,0.0629,0.1238,0.2,0.14,0.19,0.1402,0.206,0,0,0,0,0,0,0.99,1.6,1.12,1.52,1.12,1.65,253,30,26,4,WallMi00,1,1,1,1,1,1,1,1,1,1,1,1,1,1,1,1,1
Walter,Kevin,Hou/8,0,0,0,0,37,450,0,3,0,0.7273,0.0979,0.0629,0.021,0.028,0.0629,0.2069,0.3103,0.2241,0.1379,0.0517,0.069,0,0,0,0,0,0,0.62,0.93,0.67,0.41,0.16,0.21,100,260,31,10,WaltKe00,1,1,1,1,1,1,1,1,1,1,1,1,1,1,1,1,1
Washington,Nate,Ten/11,2,10,0,0,49,662,1,5,1,0.7273,0.0979,0.0629,0.021,0.028,0.0629,0.2069,0.3103,0.2241,0.1379,0.0517,0.069,0,0,0,0,0,0,1.03,1.55,1.12,0.69,0.26,0.35,146,130,29,8,WashNa00,1,1,1,1,1,1,1,1,1,1,1,1,1,1,1,1,1
Wayne,Reggie,Ind/4,0,0,0,0,75,938,2,6,1,0.7273,0.0979,0.0629,0.021,0.028,0.0629,0.2069,0.3103,0.2241,0.1379,0.0517,0.069,0,0,0,0,0,0,1.24,1.86,1.34,0.83,0.31,0.41,205,81,34,12,WaynRe00,1,1,1,1,1,1,1,1,1,1,1,1,1,1,1,1,1
Welker,Wes,NE/9,4,28,0,0,94,1043,3,6,1,0.7273,0.0979,0.0629,0.021,0.028,0.0629,0.2069,0.3103,0.2241,0.1379,0.0517,0.069,0,0,0,0,0,0,1.24,1.86,1.34,0.83,0.31,0.41,237,24,31,9,WelkWe00,1,1,1,1,1,1,1,1,1,1,1,1,1,1,1,1,1
White,Roddy,Atl/7,1,5,0,0,88,1135,4,8,0,0.7273,0.0979,0.0629,0.021,0.028,0.0629,0.2069,0.3103,0.2241,0.1379,0.0517,0.069,0,0,0,0,0,0,1.66,2.48,1.79,1.1,0.41,0.55,250,22,31,8,WhitRo00,1,1,1,1,1,1,1,1,1,1,1,1,1,1,1,1,1
Williams,Damian,Ten/11,0,0,0,0,11,141,0,1,0,0.7273,0.0979,0.0629,0.021,0.028,0.0629,0.2069,0.3103,0.2241,0.1379,0.0517,0.069,0,0,0,0,0,0,0.21,0.31,0.22,0.14,0.05,0.07,31,244,24,3,WillDa03,1,1,1,1,1,1,1,1,1,1,1,1,1,1,1,1,1
Williams,Kyle,SF/9,2,14,0,0,18,217,0,0,0,0.7273,0.0979,0.0629,0.021,0.028,0.0629,0.2069,0.3103,0.2241,0.1379,0.0517,0.069,0,0,0,0,0,0,0,0,0,0,0,0,41,9999,24,3,WillKy00,1,1,1,1,1,1,1,1,1,1,1,1,1,1,1,1,1
Williams,Mike,Sea/11,1,5,0,0,24,314,0,2,0,0.7273,0.0979,0.0629,0.021,0.028,0.0629,0.2069,0.3103,0.2241,0.1379,0.0517,0.069,0,0,0,0,0,0,0.41,0.62,0.45,0.28,0.1,0.14,68,9999,28,8,WillMi03,1,1,1,1,1,1,1,1,1,1,1,1,1,1,1,1,1
Williams,Mike,TB/5,1,6,0,0,55,688,1,5,1,0.7273,0.0979,0.0629,0.021,0.028,0.0629,0.2069,0.3103,0.2241,0.1379,0.0517,0.069,0,0,0,0,0,0,1.03,1.55,1.12,0.69,0.26,0.35,154,109,25,3,WillMi04,1,1,1,1,1,1,1,1,1,1,1,1,1,1,1,1,1
Wright,Kendall,Ten/11,1,5,0,0,36,468,0,2,0,0.7273,0.0979,0.0629,0.021,0.028,0.0629,0.2069,0.3103,0.2241,0.1379,0.0517,0.069,0,0,0,0,0,0,0.41,0.62,0.45,0.28,0.1,0.14,95,9999,23,1,WrigKe01,1,1,1,1,1,1,1,1,1,1,1,1,1,1,1,1,1
Young,Titus,Det/5,2,12,0,0,49,662,1,4,0,0.7273,0.0979,0.0629,0.021,0.028,0.0629,0.2069,0.3103,0.2241,0.1379,0.0517,0.069,0,0,0,0,0,0,0.83,1.24,0.9,0.55,0.21,0.28,140,110,23,2,YounTi00,1,1,1,1,1,1,1,1,1,1,1,1,1,1,1,1,1
